 ,de,en,es,fr,it,ja,ko,pt,ru,zh
readme.portedMethodsHeader,Portierte Methoden,Ported Methods,Métodos portados,Méthodes portées,Metodi esportati,移植されたメソッド,이식된 방법,Métodos portados,Портированные методы,移植方法
readme.libraryShortDesc,Konvertierung der Array-Methoden von JavaScript in AutoHotkey,Conversion of JavaScript's Array methods to AutoHotkey,Conversión de métodos Array de JavaScript a AutoHotkey,Conversion des méthodes Array de JavaScript en AutoHotkey,Conversione dei metodi Array di JavaScript in AutoHotkey,JavaScriptのArrayメソッドのAutoHotkeyへの変換,자바스크립트 의 배열 메소드를 오토핫키 로 변환,Conversão de métodos Array de JavaScript para AutoHotkey,Преобразование методов массива JavaScript в AutoHotkey,JavaScript 数组方法到 AutoHotkey 的转换
readme.libraryLongDesc,"AutoHotkey verfügt nicht über integrierte Iterationshilfsmethoden (ab 1.1.33), um viele der in anderen Sprachen üblichen Array-Verhaltensweisen auszuführen.",AutoHotkey lacks built-in iteration helper methods (as of 1.1.33) to perform many of the common array behaviors found in other languages. This package ports most of JavaScript's Array object methods to AutoHotkey's Array object.,AutoHotkey carece de métodos auxiliares de iteración integrados (a partir de 1.1.33) para realizar muchos de los comportamientos de matrices comunes que se encuentran en otros lenguajes.,AutoHotkey ne dispose pas de méthodes d'aide à l'itération intégrées (à partir de la version 1.1.33) pour exécuter de nombreux comportements de tableau courants trouvés dans d'autres langages.,AutoHotkey (a partire dalla versione 1.1.33) non dispone di metodi per l'iterazione integrati per eseguire molti dei comportamenti comuni degli array come in altri linguaggi.,AutoHotkeyには（1.1.33現在）、他の言語で見られる一般的な配列動作の多くを実行するための、組み込みの繰り返しヘルパーメソッドがありません。本パッケージは、JavaScriptのArrayオブジェクトメソッドのほとんどをAutoHotkeyのArrayオブジェクトに移植します。,오토핫키 에는 다른 언어에서 볼 수 있는 많은 일반적인 배열 동작을 수행하기 위한 내장된 반복 도우미 메서드(1.1.33 기준)가 없습니다.,AutoHotkey não possui métodos auxiliares de iteração integrados (a partir de 1.1.33) para executar muitos dos comportamentos comuns de array encontrados em outras linguagens.,"В AutoHotkey отсутствуют встроенные вспомогательные методы итерации (начиная с версии 1.1.33), позволяющие выполнять многие из распространенных действий с массивами, встречающихся в других языках.",AutoHotkey 缺乏内置的迭代辅助方法（截至 1.1.33）来执行其他语言中常见的许多常见数组行为。
readme.usage.example.comment1,Auf den doppelten Wert abbilden,Map to doubled value,Mapa al valor duplicado,Mapper à la valeur doublée,Mappare a valori raddoppiati,倍の値にマップ,두 배의 값으로 매핑,Mapear para valor duplicado,Сопоставить удвоенное значение,映射到双倍值
readme.usage.example.comment2,Zuordnung zur Objekteigenschaft,Map to object property,Asignar a propiedad de objeto,Mapper à la propriété de l'objet,Mappare a oggetti con proprietà,オブジェクト・プロパティへのマップ,객체 속성에 매핑,Mapear para propriedade do objeto,Сопоставить свойство объекта,映射到对象属性
readme.usage.example.comment3,Methodenverkettung,Method chaining,Encadenamiento de métodos,Chaînage de méthodes,Concatenamento di metodi,メソッドの連鎖,메소드 체이닝,Encadeamento de métodos,Цепочка методов,方法链接
readme.usage.header,Verwendung,Usage,Uso,Usage,Utilizzo,使用方法,용법,Uso,Применение,用法
readme.sorting.header,Sortierung,Sorting,Clasificación,Tri,Ordinamento,ソート,정렬,Ordenação,Сортировка,排序
readme.sorting.desc,JavaScript macht keine Start-/End- oder Links-/Rechts-Parameter verfügbar und diese Sortierung erfolgt auch nicht.,JavaScript does not expose start/end or left/right parameters and neither does this sort.,JavaScript no expone los parámetros de inicio/fin o izquierda/derecha y tampoco este tipo.,JavaScript n'expose pas les paramètres début/fin ou gauche/droite et ce tri non plus.,"JavaScript non espone i parametri di inizio/fine o sinistra/destra, tantomeno questa funzione.",JavaScriptは、開始/終了や左/右のパラメータを公開しない。,자바스크립트 는 시작/끝 또는 왼쪽/오른쪽 매개변수를 노출하지 않으며 이 정렬도 마찬가지입니다.,JavaScript não expõe parâmetros de início/fim ou esquerda/direita e nem essa classificação.,"JavaScript не предоставляет параметры начала/конца или левого/правого значения, а также не осуществляет сортировку.",JavaScript 不公开开始/结束或左/右参数，这种排序也不公开。
readme.installation.header,Installation,Installation,Instalación,Installation,Installazione,インストール,설치,Instalação,Монтаж,安装
readme.installation.step1,Navigieren Sie in einem Terminal oder einer Befehlszeile zu Ihrem Projektordner:,In a terminal or command line navigated to your project folder:,En una terminal o línea de comando navegó a la carpeta de su proyecto:,"Dans un terminal ou une ligne de commande, accédez au dossier de votre projet :",In un terminale o una riga di comando con accesso alla cartella del tuo progetto:,ターミナルまたはコマンドラインでプロジェクトフォルダーに移動する：,터미널이나 명령줄에서 프로젝트 폴더로 이동합니다.,Em um terminal ou linha de comando navegue até a pasta do seu projeto:,В терминале или командной строке перейдите в папку вашего проекта:,在导航到项目文件夹的终端或命令行中：
readme.installation.step2,Sie können die Bibliothek auch von [./export.ahk auf GitHub](https://raw.githubusercontent.com/chunjee/array.ahk/master/export.ahk) überprüfen oder kopieren.,You may also review or copy the library from [./export.ahk on GitHub](https://raw.githubusercontent.com/chunjee/array.ahk/master/export.ahk),También puede revisar o copiar la biblioteca desde [./export.ahk en GitHub](https://raw.githubusercontent.com/chunjee/array.ahk/master/export.ahk),Vous pouvez également consulter ou copier la bibliothèque depuis [./export.ahk sur GitHub](https://raw.githubusercontent.com/chunjee/array.ahk/master/export.ahk),Puoi anche rivedere o copiare la libreria da [./export.ahk su GitHub](https://raw.githubusercontent.com/chunjee/array.ahk/master/export.ahk),GitHubの[./export.ahk](https://raw.githubusercontent.com/chunjee/array.ahk/master/export.ahk)からライブラリをレビューまたはコピーすることもできます。,[./export.ahk on GitHub](https://raw.githubusercontent.com/chunjee/array.ahk/master/export.ahk)에서 라이브러리를 검토하거나 복사할 수도 있습니다.,Você também pode revisar ou copiar a biblioteca de [./export.ahk no GitHub](https://raw.githubusercontent.com/chunjee/array.ahk/master/export.ahk),Вы также можете просмотреть или скопировать библиотеку из [./export.ahk на GitHub](https://raw.githubusercontent.com/chunjee/array.ahk/master/export.ahk).,您还可以从 GitHub 上的 [./export.ahk](https://raw.githubusercontent.com/chunjee/array.ahk/master/export.ahk) 查看或复制该库
readme.installation.step3,In Ihrem Code:,In your code:,En tu código:,Dans ton code :,Nel tuo codice:,あなたのコードで：,코드에서:,No seu código:,В вашем коде:,在你的代码中：
concat.desc,"Wird verwendet, um zwei oder mehr Arrays zu verbinden.","Used to join two or more arrays. This method does not change the existing arrays, but returns a new array, containing the values of the joined arrays.",Se utiliza para unir dos o más matrices.,Utilisé pour joindre deux ou plusieurs tableaux.,"Utilizzato per unire due o più array. Questo metodo non cambia gli array esistenti, ma ritorna un nuovo array contenente i valori degli array concatenati.",2つ以上の配列を結合するために使用します。このメソッドは既存の配列を変更せず、結合した配列の値を含む新しい配列を返します。,두 개 이상의 배열을 결합하는 데 사용됩니다.,Usado para unir dois ou mais arrays.,Используется для объединения двух или более массивов.,用于连接两个或多个数组。
concat.argNote1,"(Standard `[]`) Arrays und/oder Werte, die zu einem neuen Array verkettet werden sollen.","(Default `[]`) Arrays and/or values to concatenate into a new array. If all valueN parameters are omitted, concat returns a shallow copy of the existing array on which it is called.",(Predeterminado `[]`) Matrices y/o valores para concatenar en una nueva matriz.,(Par défaut `[]`) Tableaux et/ou valeurs à concaténer dans un nouveau tableau.,"(Predefinito `[]`) Array e/o valori da concatenare in un nuovo array. Se tutti i parametri valueN sono omessi, concat ritorna una copia dello stesso array su cui è chiamato il metodo.",,(기본값 `[]`) 새 배열로 연결할 배열 및/또는 값입니다.,(Padrão `[]`) Matrizes e/ou valores para concatenar em uma nova matriz.,(По умолчанию `[]`) Массивы и/или значения для объединения в новый массив.,（默认“[]”）要连接到新数组中的数组和/或值。
concat.return,Eine neue Array-Instanz. ,A new Array instance. Containing the values of the joined arrays.,Una nueva instancia de Array. ,Une nouvelle instance de tableau. ,Una nuova istanza di Array. Contiene i valori degli array concatenati.,新しい配列のインスタンス。結合された配列の値を含みます。,새로운 Array 인스턴스. ,Uma nova instância de Array. ,Новый экземпляр массива. ,一个新的数组实例。
every.desc,"Testet, ob alle Elemente im Array den von der bereitgestellten Funktion implementierten Test bestehen.",Tests whether all elements in the array pass the test implemented by the provided function.,Prueba si todos los elementos de la matriz pasan la prueba implementada por la función proporcionada.,Teste si tous les éléments du tableau réussissent le test implémenté par la fonction fournie.,Verifica se tutti gli elementi nell'array superano il test implementato dalla funzione fornita.,配列のすべての要素が、指定された関数によって実装されたテストに合格するかどうかをテストします。,배열의 모든 요소가 제공된 함수에 의해 구현된 테스트를 통과하는지 테스트합니다.,Testa se todos os elementos da matriz passam no teste implementado pela função fornecida.,"Проверяет, проходят ли все элементы массива тест, реализованный предоставленной функцией.",测试数组中的所有元素是否通过所提供函数实现的测试。
every.argNote1,"Eine Funktion, die für jedes Element im Array ausgeführt werden soll.",A function to be run for each element in the array.,Una función que se ejecutará para cada elemento de la matriz.,Une fonction à exécuter pour chaque élément du tableau.,Una funzione da eseguire per ogni elemento dell'array.,配列の各要素に対して実行される関数。,배열의 각 요소에 대해 실행될 함수입니다.,Uma função a ser executada para cada elemento do array.,"Функция, запускаемая для каждого элемента массива.",对数组中的每个元素运行的函数。
every.return,"`true`, wenn alle Elemente die Testfunktion bestehen, andernfalls `false`, wenn dies bei einem nicht der Fall war.","`true` if all elements pass the test function, else `false` if any did not.",""verdadero" si todos los elementos pasan la función de prueba; en caso contrario, "falso" si alguno no lo hizo.","`true` si tous les éléments réussissent la fonction de test, sinon `false` s'il n'y en a pas.",""true" se tutti gli elementi superano il test della funzione, altrimenti "false" se qualsiasi non lo ha superato.",すべての要素がテスト関数をパスすれば `true`、パスしなければ `false` となる。,"모든 요소가 테스트 함수를 통과하면 `true`이고, 그렇지 않으면 `false`입니다.","`true` se todos os elementos passarem na função de teste, caso contrário `false` se algum não passou.","`true`, если все элементы прошли тестовую функцию, иначе `false`, если хотя бы один из них не прошел.",如果所有元素都通过了测试函数，则为“true”；如果有元素未通过，则为“false”。
fill.desc,Füllen Sie alle Array-Elemente mit einem statischen Wert.,Fill all the array elements with a static value.,Llene todos los elementos de la matriz con un valor estático.,Remplissez tous les éléments du tableau avec une valeur statique.,Modifica tutti gli elementi dell'array con un valore statico.,配列のすべての要素を静的な値で埋めます。,모든 배열 요소를 정적 값으로 채웁니다.,Preencha todos os elementos do array com um valor estático.,Заполните все элементы массива статическим значением.,用静态值填充所有数组元素。
fill.argNote1,"Der Wert, mit dem das Array gefüllt werden soll.",The value to fill the array with.,El valor con el que llenar la matriz.,La valeur avec laquelle remplir le tableau.,Il valore con cui modificare l'array.,配列を埋める値。,배열을 채울 값입니다.,O valor com o qual preencher a matriz.,"Значение, которым нужно заполнить массив.",用于填充数组的值。
fill.argNote2,"(Standard `1`) Der Index, mit dem das Füllen des Arrays beginnen soll.","(Default `1`) The index to start filling the array. If negative, it is treated as array.Count() + start",(Predeterminado `1`) El índice para comenzar a llenar la matriz.,(Par défaut `1`) L'index pour commencer à remplir le tableau.,"(Predefinito `1`) L'indice per iniziare a modificare l'array. Se negativo, viene interpretato come array.Count() + start",(デフォルト `1`） 配列への代入を開始するインデックス。負数の場合は array.Count() + start として扱われます。,(기본값 `1`) 배열 채우기를 시작할 인덱스입니다.,(Padrão `1`) O índice para começar a preencher o array.,"(По умолчанию `1`) Индекс, с которого начинается заполнение массива.",（默认为“1”）开始填充数组的索引。
fill.argNote3,"(Standard `array.Count()`) Der Wert, mit dem das Array gefüllt werden soll.","(Default `array.Count()`) The value to fill the array with. If negative, it is treated as `array.Count() + end`",(Predeterminado `array.Count()`) El valor con el que llenar la matriz.,(Par défaut `array.Count()`) La valeur avec laquelle remplir le tableau.,"(Predefinito `array.Count()`) Il valore con cui modificare l'array. Se negativo, viene interpretato come array.Count() + end",(デフォルト `array.Count()`) 配列を埋める値。負数の場合は `array.Count() + end` として扱われます。,(기본값 `array.Count()`) 배열을 채울 값입니다.,(Padrão `array.Count()`) O valor com o qual preencher o array.,(По умолчанию `array.Count()`) Значение для заполнения массива.,（默认 `array.Count()`）用于填充数组的值。
fill.return,"Das geänderte Array, gefüllt mit Wert.","The modified array, filled with value.","La matriz modificada, llena de valor.","Le tableau modifié, rempli de valeur.",L'array modificato con value.,変更された配列。,값으로 채워진 수정된 배열입니다.,"A matriz modificada, preenchida com valor.","Модифицированный массив, заполненный значением.",修改后的数组，填充有值。
docs.headers.return,Kehrt zurück,Returns,Devoluciones,Retour,ritorna,返還,보고,Devoluções,Возврат,退货
docs.headers.example,Beispiel,Example,Ejemplo,Exemple,esempio,例,예,Exemplo,Пример,例子
docs.headers.arguments,Argumente,Arguments,Argumentos,Arguments,argomenti,論争,인수,Argumentos,Аргументы,论点
find.desc,"Gibt den Wert des ersten Elements im bereitgestellten Array zurück, das die bereitgestellte Testfunktion erfüllt.","Returns the value of the first element in the provided array that satisfies the provided testing function. The function is invoked with three arguments; (element, index, array).",Devuelve el valor del primer elemento de la matriz proporcionada que satisface la función de prueba proporcionada.,Renvoie la valeur du premier élément du tableau fourni qui satisfait à la fonction de test fournie.,"Ritorna il valore del primo elemento nell'array fornito che soddisfa la funzione di test fornita. La funzione è invocata con tre argomenti; (elemento, indice, array).","指定された配列の中で、指定されたテスト関数を満たす最初の要素の値を返します。この関数は、3つの引数 (element, index, array) を指定して呼び出されます。",제공된 테스트 기능을 충족하는 제공된 배열의 첫 번째 요소 값을 반환합니다.,Retorna o valor do primeiro elemento na matriz fornecida que satisfaz a função de teste fornecida.,"Возвращает значение первого элемента предоставленного массива, удовлетворяющего предоставленной функции тестирования.",返回所提供数组中满足所提供测试函数的第一个元素的值。
find.argNote1,"Funktion, die für jeden Wert im Array ausgeführt werden soll.",Function to execute on each value in the array.,Función a ejecutar en cada valor del array.,Fonction à exécuter sur chaque valeur du tableau.,Funzione da eseguire per ogni valore nell'array.,配列の各値に対して実行する関数。,배열의 각 값에 대해 실행되는 함수입니다.,Função a ser executada em cada valor do array.,"Функция, выполняемая для каждого значения массива.",对数组中的每个值执行的函数。
find.return,"Der Wert des ersten Elements im Array, das die bereitgestellte Testfunktion erfüllt. ","The value of the first element in the array that satisfies the provided testing function. Otherwise, `""` if none found.",El valor del primer elemento de la matriz que satisface la función de prueba proporcionada. ,La valeur du premier élément du tableau qui satisfait à la fonction de test fournie. ,Il valore del primo elemento nell'array che soddisfa la funzione di test fornita. Altrimenti "".,与えられたテスト関数を満たす配列の最初の要素の値。見つからない場合は `""` を返す。,제공된 테스트 기능을 충족하는 배열의 첫 번째 요소 값입니다. ,O valor do primeiro elemento na matriz que satisfaz a função de teste fornecida. ,"Значение первого элемента массива, удовлетворяющего предоставленной функции тестирования. ",数组中满足所提供的测试函数的第一个元素的值。
findIndex.desc,"Gibt den Index des ersten Elements im Array zurück, das die bereitgestellte Testfunktion erfüllt.","Returns the index of the first element in the array that satisfies the provided testing function. Otherwise, it returns -1, indicating that no element passed the test. The function is invoked with three arguments; (element, index, array).",Devuelve el índice del primer elemento de la matriz que satisface la función de prueba proporcionada.,Renvoie l'index du premier élément du tableau qui satisfait à la fonction de test fournie.,"Ritorna l'indice del primo elemento nell'array che soddisfa la funzione di test fornita. Altrimenti ritorna -1, a indicare che nessuno degli elementi ha passato il test. La funzione è invocata con tre argomenti; (elemento, indice, array).",指定したテスト関数を満たす配列の最初の要素のインデックスを返します。そうでない場合は -1 を返し、どの要素もテストに合格しなかったことを示します。この関数は、3つの引数（要素、インデックス、配列）で呼び出されます。,제공된 테스트 함수를 만족하는 배열의 첫 번째 요소 인덱스를 반환합니다.,Retorna o índice do primeiro elemento da matriz que satisfaz a função de teste fornecida.,"Возвращает индекс первого элемента массива, удовлетворяющего предоставленной функции тестирования.",返回数组中满足所提供的测试函数的第一个元素的索引。
findIndex.argNote1,"Funktion, die für jeden Wert im Array ausgeführt werden soll.",Function to execute on each value in the array.,Función a ejecutar en cada valor del array.,Fonction à exécuter sur chaque valeur du tableau.,Funzione da eseguire per ogni valore nell'array.,配列の各値に対して実行する関数。,배열의 각 값에 대해 실행되는 함수입니다.,Função a ser executada em cada valor do array.,"Функция, выполняемая для каждого значения массива.",对数组中的每个值执行的函数。
findIndex.return,"Der Index oder Schlüsselwert des ersten Elements im Array, das die bereitgestellte Testfunktion erfüllt. ","The index or key value of the first element in the array that satisfies the provided testing function. Otherwise, `-1` if not found.",El índice o valor clave del primer elemento de la matriz que satisface la función de prueba proporcionada. ,L'index ou la valeur de clé du premier élément du tableau qui satisfait à la fonction de test fournie. ,L'indice o il valore della chiave del primo elemento nell'array che soddisfa la funzione di test fornita. Altrimenti "-1" se non trovato.,与えられたテスト関数を満たす配列の最初の要素のインデックスまたはキー値。見つからない場合は `-1` を返す。,제공된 테스트 기능을 충족하는 배열의 첫 번째 요소의 인덱스 또는 키 값입니다. ,O índice ou valor chave do primeiro elemento na matriz que satisfaz a função de teste fornecida. ,"Индекс или ключевое значение первого элемента массива, удовлетворяющего предоставленной функции тестирования. ",数组中满足所提供的测试函数的第一个元素的索引或键值。
forEach.desc,Führt eine bereitgestellte Funktion einmal für jedes Array-Element aus.,"Executes a provided function once for each array element. The function is invoked with three arguments; (element, index, array).",Ejecuta una función proporcionada una vez para cada elemento de la matriz.,Exécute une fonction fournie une fois pour chaque élément du tableau.,"Esegue una funzione fornita una volta per ogni elemento dell'array. La funzione è invocata con tre argomenti; (elemento, indice, array).",指定された関数を、配列の各要素に対して 1 回ずつ実行します。この関数は、3つの引数（要素、インデックス、配列）で呼び出されます。,각 배열 요소에 대해 제공된 함수를 한 번씩 실행합니다.,Executa uma função fornecida uma vez para cada elemento da matriz.,Выполняет предоставленную функцию один раз для каждого элемента массива.,为每个数组元素执行一次提供的函数。
forEach.argNote1,"Funktion, die für jeden Wert im Array ausgeführt werden soll.",Function to execute on each value in the array.,Función a ejecutar en cada valor del array.,Fonction à exécuter sur chaque valeur du tableau.,Funzione da eseguire per ogni valore nell'array.,配列の各値に対して実行する関数。,배열의 각 값에 대해 실행되는 함수입니다.,Função a ser executada em cada valor do array.,"Функция, выполняемая для каждого значения массива.",对数组中的每个值执行的函数。
forEach.return,wird immer zurückgegeben.,is always returned.,siempre se devuelve.,est toujours renvoyé.,Ritorna "" in ogni caso.,が常に返される。,항상 반환됩니다.,é sempre retornado.,Всегда возвращается пустая строка.,总是被返回。
includes.desc,"Bestimmt, ob ein Array einen bestimmten Wert in seinen Einträgen enthält, und gibt je nach Bedarf `true` oder `false` zurück.","Determines whether an array includes a certain value among its entries, returning true or false as appropriate.","Determina si una matriz incluye un determinado valor entre sus entradas, devolviendo verdadero o falso según corresponda.","Détermine si un tableau inclut une certaine valeur parmi ses entrées, renvoyant vrai ou faux selon le cas.","Determina se un array include un determinato valore tra le sue voci, ritornando true o false.",配列のエントリの中に特定の値が含まれているかどうかを判定し、 適宜 true あるいは false を返します。,배열의 항목 중 특정 값이 포함되어 있는지 여부를 결정하고 적절하게 true 또는 false를 반환합니다.,"Determina se um array inclui um determinado valor entre suas entradas, retornando verdadeiro ou falso conforme apropriado.","Определяет, включает ли массив определенное значение среди своих записей, возвращая true или false в зависимости от ситуации.",确定数组的条目中是否包含某个值，根据需要返回 true 或 false。
includes.argNote1,"Der Wert, nach dem gesucht werden soll.",The value to search for.,El valor a buscar.,La valeur à rechercher.,Il valore da cercare.,検索する値。,검색할 값입니다.,O valor a ser pesquisado.,Искомое значение.,要搜索的值。
includes.argNote2,"(Standard `1`) Der Index, bei dem die Suche gestartet werden soll.","(Default `1`) The index to start the search at. If the provided index value is a negative number, it is taken as the offset from the end of the array.",(Predeterminado `1`) El índice para iniciar la búsqueda.,(Par défaut `1`) L'index à partir duquel démarrer la recherche.,"(Predefinito `1`) L'indice con cui iniziare la ricerca. Se l'indice fornito è un numero negativo, viene interpretato come differenza dalla fine dell'array.",(デフォルト `1`） 検索を開始するインデックス。指定したインデックスが負の数の場合は、配列の末尾からのオフセットとして扱われます。,(기본값 '1') 검색을 시작할 인덱스입니다.,(Padrão `1`) O índice no qual iniciar a pesquisa.,"(По умолчанию `1`) Индекс, с которого начинается поиск.",（默认为“1”）开始搜索的索引。
includes.return,"`true`, wenn der Wert valueToFind innerhalb des Arrays gefunden wird (oder dem Teil des Arrays, der durch den Index fromIndex angegeben wird, falls angegeben). ","`true` if the value valueToFind is found within the array (or the part of the array indicated by the index fromIndex, if specified). Otherwise `false`.","`true` si el valor valueToFind se encuentra dentro de la matriz (o la parte de la matriz indicada por el índice fromIndex, si se especifica). ","`true` si la valeur valueToFind est trouvée dans le tableau (ou dans la partie du tableau indiquée par l'index fromIndex, si spécifié). ",""true" se il valore valueToFind si trova nell'array (o nella parte dell'array indicata dall'indice fromIndex, se specificato). Altrimenti "false".",valueToFind の値が配列 (または、インデックス fromIndex が指定されている場合はその部分) 内で見つかった場合は `true` 。そうでない場合は `false` である。,valueToFind 값이 배열(또는 지정된 경우 fromIndex 인덱스가 나타내는 배열 부분) 내에서 발견되면 'true'입니다. ,"`true` se o valor valueToFind for encontrado dentro do array (ou a parte do array indicada pelo índice fromIndex, se especificado). ","`true`, если значение valueToFind найдено внутри массива (или части массива, указанной индексом fromIndex, если он указан). ",如果在数组（或由索引 fromIndex 指示的数组部分，如果指定）中找到值 valueToFind，则为“true”。
indexOf.desc,"Gibt den ersten Index zurück, an dem ein bestimmtes Element im Array gefunden werden kann, oder `-1`, wenn es nicht vorhanden ist.","Returns the first index at which a given element can be found in the array, or `-1` if it is not present.","Devuelve el primer índice en el que se puede encontrar un elemento determinado en la matriz, o "-1" si no está presente.","Renvoie le premier index auquel un élément donné peut être trouvé dans le tableau, ou « -1 » s'il n'est pas présent.",Ritorna il primo indice in cui si trova un determinato elemento nell'array o "-1" se non è presente.,与えられた要素が配列内で見つかる最初のインデックスを返す。,배열에서 특정 요소를 찾을 수 있는 첫 번째 인덱스를 반환하거나 해당 요소가 없으면 '-1'을 반환합니다.,Retorna o primeiro índice no qual um determinado elemento pode ser encontrado no array ou `-1` se não estiver presente.,"Возвращает первый индекс, по которому можно найти данный элемент в массиве, или «-1», если он отсутствует.",返回在数组中可以找到给定元素的第一个索引，如果不存在则返回“-1”。
indexOf.argNote1,"Der Wert, nach dem gesucht werden soll.",The value to search for.,El valor a buscar.,La valeur à rechercher.,. Il valore da cercare.,検索する値。,검색할 값입니다.,O valor a ser pesquisado.,Искомое значение.,要搜索的值。
indexOf.argNote2,"(Standard `1`) Der Index, bei dem die Suche gestartet werden soll.","(Default `1`) The index to start the search at. If the provided index value is a negative number, it is taken as the offset from the end of the array.",(Predeterminado `1`) El índice para iniciar la búsqueda.,(Par défaut `1`) L'index à partir duquel démarrer la recherche.,"(Predefinito `1`) L'indice con cui iniziare la ricerca. Se l'indice fornito è un numero negativo, viene interpretato come differenza dalla fine dell'array.",(デフォルト `1`） 検索を開始するインデックス。指定したインデックスが負の数の場合は、配列の末尾からのオフセットとして扱われます。,(기본값 '1') 검색을 시작할 인덱스입니다.,(Padrão `1`) O índice no qual iniciar a pesquisa.,"(По умолчанию `1`) Индекс, с которого начинается поиск.",（默认为“1”）开始搜索的索引。
indexOf.return,"Der Index oder Schlüsselwert des ersten Elements im Array, das mit dem searchElement übereinstimmt. ","The index or key value of the first element in the array that matches the searchElement. Otherwise, `-1` if not found.",El índice o valor clave del primer elemento de la matriz que coincide con searchElement. ,L'index ou la valeur de clé du premier élément du tableau qui correspond à searchElement. ,L'indice o il valore della chiave del primo elemento nell'array che corrisponde a searchElement. Altrimenti "-1" se non trovato.,searchElementにマッチする配列の最初の要素のインデックスまたはキー値。見つからない場合は `-1` を返す。,searchElement와 일치하는 배열의 첫 번째 요소에 대한 인덱스 또는 키 값입니다. ,O índice ou valor-chave do primeiro elemento na matriz que corresponde ao searchElement. ,"Индекс или значение ключа первого элемента массива, соответствующего элементу searchElement. ",数组中与 searchElement 匹配的第一个元素的索引或键值。
join.desc,"Gibt eine neue Zeichenfolge zurück, indem alle Elemente in einem Array, getrennt durch Kommas oder eine angegebene Trennzeichenfolge, verkettet werden.","Returns a new string by concatenating all of the elements in an array, separated by commas or a specified separator string. If the array has only one item, then that item will be returned without using the separator.","Devuelve una nueva cadena concatenando todos los elementos de una matriz, separados por comas o una cadena separadora especificada.","Renvoie une nouvelle chaîne en concaténant tous les éléments d'un tableau, séparés par des virgules ou une chaîne de séparation spécifiée.","Ritorna una nuova stringa concatenando tutti gli elementi in un array, separati da virgole o da una stringa separatrice specificata. Se l'array ha solo un oggetto, ritorna lo stesso oggetto senza il separatore.",配列のすべての要素を、カンマあるいは指定した区切り文字列で区切って連結した文字列を返します。配列の要素がひとつだけの場合は、区切り文字を使用せずにその要素を返します。,쉼표 또는 지정된 구분 기호 문자열로 구분된 배열의 모든 요소를 ​​연결하여 새 문자열을 반환합니다.,"Retorna uma nova string concatenando todos os elementos em uma matriz, separados por vírgulas ou por uma string separadora especificada.","Возвращает новую строку путем объединения всех элементов массива, разделенных запятыми или указанной строкой-разделителем.",通过连接数组中的所有元素（以逗号或指定的分隔符字符串分隔）来返回一个新字符串。
join.argNote1,"(Standard `","`) Gibt eine Zeichenfolge an, um jedes Paar benachbarter Elemente des Arrays zu trennen.","(Default `","`) Specifies a string to separate each pair of adjacent elements of the array. The separator is converted to a string if necessary. If separator is an empty string (`""`), all elements are joined without any characters in between them.","(Predeterminado `","`) Especifica una cadena para separar cada par de elementos adyacentes de la matriz.","(Par défaut `","`) Spécifie une chaîne pour séparer chaque paire d'éléments adjacents du tableau.","(Predefinito `","`) Specifica una stringa per separare ciascuna coppia di elementi adiacenti dell'array. Il separatore viene convertito in stringa se necessario. Se il separatore è una stringa vuota (""), tutti gli elementi sono uniti senza caratteri tra di loro.","(デフォルト `","`) 配列の隣接する各要素を区切る文字列を指定します。separator は必要に応じて文字列に変換されます。separator が空文字列 (`""`) の場合、すべての要素は間に文字を入れずに連結されます。","(기본값 `","`) 배열의 인접한 요소의 각 쌍을 구분하는 문자열을 지정합니다.","(Padrão `","`) Especifica uma string para separar cada par de elementos adjacentes do array.","(По умолчанию `","`) Указывает строку для разделения каждой пары соседних элементов массива.","（默认`","`）指定一个字符串来分隔数组的每对相邻元素。"
join.return,"Eine Zeichenfolge, bei der alle Array-Elemente verbunden sind. ","A string with all array elements joined. If array.Count() is 0, an empty string `""` is returned.",Una cadena con todos los elementos de la matriz unidos. ,Une chaîne avec tous les éléments du tableau joints. ,"Una stringa con tutti gli elementi dell'array uniti. Se array.Count() è 0, ritorna una stringa vuota "".",配列の全要素を連結した文字列。array.Count() が 0 の場合、空の文字列 `""` が返される。,모든 배열 요소가 결합된 문자열입니다. ,Uma string com todos os elementos do array unidos. ,"Строка, в которой объединены все элементы массива. ",所有数组元素连接在一起的字符串。
keys.desc,"Gibt ein neues Array zurück, das die Schlüssel für jeden Index im Array enthält.",Returns a new array that contains the keys for each index in the array.,Devuelve una nueva matriz que contiene las claves para cada índice de la matriz.,Renvoie un nouveau tableau contenant les clés de chaque index du tableau.,Ritorna un nuovo array che contiene le chiavi per ogni indice nell'array.,配列の各インデックスのキーを含む新しい配列を返します。,배열의 각 인덱스에 대한 키를 포함하는 새 배열을 반환합니다.,Retorna uma nova matriz que contém as chaves de cada índice da matriz.,"Возвращает новый массив, содержащий ключи для каждого индекса массива.",返回一个新数组，其中包含数组中每个索引的键。
keys.return,"Ein neues Array, das alle Schlüssel im aufrufenden Array enthält.",A new array containing all keys in the calling array.,Una nueva matriz que contiene todas las claves de la matriz de llamada.,Un nouveau tableau contenant toutes les clés du tableau appelant.,Un nuovo array contenente tutte le chiavi nell'array chiamato.,呼び出し配列のすべてのキーを含む新しい配列。,호출 배열의 모든 키를 포함하는 새 배열입니다.,Uma nova matriz contendo todas as chaves na matriz de chamada.,"Новый массив, содержащий все ключи вызывающего массива.",包含调用数组中所有键的新数组。
lastIndexOf.desc,"Gibt den ersten Index zurück, an dem ein bestimmtes Element im Array gefunden werden kann, oder `-1`, wenn es nicht vorhanden ist.","Returns the first index at which a given element can be found in the array, or `-1` if it is not present.","Devuelve el primer índice en el que se puede encontrar un elemento determinado en la matriz, o "-1" si no está presente.","Renvoie le premier index auquel un élément donné peut être trouvé dans le tableau, ou « -1 » s'il n'est pas présent.","Ritorna il primo indice in cui si trova un determinato elemento nell'array, "-1" se non è presente.",与えられた要素が配列内で見つかる最初のインデックスを返す。,배열에서 특정 요소를 찾을 수 있는 첫 번째 인덱스를 반환하거나 해당 요소가 없으면 '-1'을 반환합니다.,Retorna o primeiro índice no qual um determinado elemento pode ser encontrado no array ou `-1` se não estiver presente.,"Возвращает первый индекс, по которому можно найти данный элемент в массиве, или «-1», если он отсутствует.",返回在数组中可以找到给定元素的第一个索引，如果不存在则返回“-1”。
lastIndexOf.argNote1,"Der Wert, nach dem gesucht werden soll.",The value to search for.,El valor a buscar.,La valeur à rechercher.,. Il valore da cercare.,検索する値。,검색할 값입니다.,O valor a ser pesquisado.,Искомое значение.,要搜索的值。
lastIndexOf.argNote2,"(Standard `1`) Der Index, bei dem mit der Rückwärtssuche begonnen werden soll.","(Default `1`) The index at which to start searching backwards. Defaults to the array's length minus one (array.Count()), i.e. the whole array will be searched. If the index is greater than or equal to the length of the array, the whole array will be searched. If negative, it is taken as the offset from the end of the array. Note that even when the index is negative, the array is still searched from back to front.",(Predeterminado `1`) El índice en el que comenzar a buscar hacia atrás.,(Par défaut `1`) L'index à partir duquel commencer la recherche en arrière.,"(Predefinito `1`) L'indice con cui iniziare la ricerca all'indietro. Predefinito è la lunghezza dell'array meno uno (array.Count()), ovvero tutto l'array viene cercato. Se l'indice è maggiore o uguale alla lunghezza dell'array, tutto l'array viene cercato. Se negativo, viene interpretato come differenza dalla fine dell'array. Nota che anche se l'indice è negativo, l'array viene comunque cercato dalla fine all'inizio.",(デフォルト `1`） 後方検索を開始するインデックス。デフォルトは配列の長さから 1 を引いた値 (array.Count()) です。インデックスが配列の長さ以上の場合は、配列全体を検索します。負の場合は、配列の末尾からのオフセットとみなされます。インデックスが負の場合でも、配列は後ろから前に検索されることに注意。,(기본값 `1`) 역방향 검색을 시작할 인덱스입니다.,(Padrão `1`) O índice no qual iniciar a pesquisa para trás.,"(По умолчанию `1`) Индекс, с которого начинается поиск в обратном направлении.",（默认为“1”）开始向后搜索的索引。
lastIndexOf.return,Der letzte Index des Elements im Array,The last index of the element in the array,El último índice del elemento en la matriz.,Le dernier index de l'élément dans le tableau,L'ultimo indice dell'elemento nell'array.,配列中の要素の最後のインデックス。,배열에 있는 요소의 마지막 인덱스,O último índice do elemento na matriz,Последний индекс элемента массива,数组中元素的最后一个索引
map.desc,"Erstellt ein neues Array, das mit den Ergebnissen des Aufrufs einer bereitgestellten Funktion für jedes Element im aufrufenden Array gefüllt wird.","creates a new array populated with the results of calling a provided function on every element in the calling array. The function is invoked with three arguments; (element, index, array).",crea una nueva matriz completa con los resultados de llamar a una función proporcionada en cada elemento de la matriz de llamada.,crée un nouveau tableau rempli avec les résultats de l'appel d'une fonction fournie sur chaque élément du tableau appelant.,"Crea un nuovo array popolato con i risultati della chiamata a una funzione fornita su ogni elemento nell'array chiamato. La funzione è invocata con tre argomenti; (elemento, indice, array).",は、配列の各要素に対して指定された関数を呼び出した結果を格納した新しい配列を作成します。この関数は、3つの引数（要素、インデックス、配列）で呼び出されます。,호출 배열의 모든 요소에 대해 제공된 함수를 호출한 결과로 채워진 새 배열을 만듭니다.,cria um novo array preenchido com os resultados da chamada de uma função fornecida em cada elemento do array de chamada.,"создает новый массив, заполненный результатами вызова предоставленной функции для каждого элемента вызывающего массива.",创建一个新数组，其中填充了对调用数组中每个元素调用所提供函数的结果。
map.argNote1,"Funktion, die für jedes Element von arr aufgerufen wird.","Function that is called for every element of arr. Each time callback executes, the returned value is added to new_array.",Función que se llama para cada elemento de arr.,Fonction appelée pour chaque élément de l'arr.,"Funzione che viene chiamata per ogni elemento di arr. Ogni volta che callback viene eseguito, il valore di ritorno è aggiunto a new_array.",arrの各要素に対して呼び出される関数。コールバックが実行されるたびに、返された値が new_array に追加されます。,arr의 모든 요소에 대해 호출되는 함수입니다.,Função que é chamada para cada elemento de arr.,"Функция, вызываемая для каждого элемента arr.",为 arr 的每个元素调用的函数。
map.return,"Ein neues Array, wobei jedes Element das Ergebnis der Rückruffunktion ist.",A new array with each element being the result of the callback function.,Una nueva matriz en la que cada elemento es el resultado de la función de devolución de llamada.,Un nouveau tableau dont chaque élément est le résultat de la fonction de rappel.,Un nuovo array in cui ciascun elemento è il risultato della funzione di callback.,各要素がコールバック関数の結果である新しい配列。,콜백 함수의 결과인 각 요소가 포함된 새 배열입니다.,Uma nova matriz com cada elemento sendo o resultado da função de retorno de chamada.,"Новый массив, каждый элемент которого является результатом функции обратного вызова.",一个新数组，其中每个元素都是回调函数的结果。
reduce.desc,"Führt eine Reduzierfunktion für jedes Element des Arrays aus, was zu einem einzelnen Ausgabewert führt.","Executes a reducer function on each element of the array, resulting in single output value. The reducer function is invoked with four arguments; (accumulator, element, index, array).","Ejecuta una función reductora en cada elemento de la matriz, lo que da como resultado un valor de salida único.","Exécute une fonction de réduction sur chaque élément du tableau, ce qui donne une valeur de sortie unique.","Esegue una funzione di riduzione per ogni elemento dell'array, ottenendo un singolo valore di uscita. La funzione di riduzione è invocata con quattro argomenti; (accumulatore, elemento, indice, array).",配列の各要素に対してリデューサ関数を実行し、1 つの出力値を返します。リデューサ関数は、4 つの引数（アキュムレータ、要素、インデックス、配列）で呼び出されます。,배열의 각 요소에 대해 감속기 함수를 실행하여 단일 출력 값을 생성합니다.,"Executa uma função redutora em cada elemento da matriz, resultando em um único valor de saída.","Выполняет функцию редуктора для каждого элемента массива, в результате чего получается одно выходное значение.",对数组的每个元素执行归约函数，产生单个输出值。
reduce.argNote1,"Eine Funktion, die für jedes Element im Array ausgeführt wird (mit Ausnahme des ersten, wenn kein initialValue angegeben wird).","A function to execute on each element in the array (except for the first, if no initialValue is supplied).","Una función para ejecutar en cada elemento de la matriz (excepto el primero, si no se proporciona un valor inicial).","Une fonction à exécuter sur chaque élément du tableau (sauf le premier, si aucune valeur initiale n'est fournie).","Una funzione da eseguire su ogni elemento dell'array (ecetto il primo, se non viene fornito il valore initialValue).",配列の各要素に対して実行される関数（initialValue が与えられない場合は、最初の要素を除く）。,배열의 각 요소에 대해 실행되는 함수입니다(initialValue가 제공되지 않은 경우 첫 번째 요소 제외).,"Uma função a ser executada em cada elemento do array (exceto o primeiro, se nenhum valor inicial for fornecido).","Функция, выполняемая для каждого элемента массива (кроме первого, если не указано начальное значение).",对数组中的每个元素执行的函数（如果没有提供初始值，则第一个元素除外）。
reduce.return,"Der einzelne Wert, der sich aus der Reduzierung ergibt.",The single value that results from the reduction.,El valor único que resulta de la reducción.,La valeur unique qui résulte de la réduction.,Il singolo valore che risulta dalla riduzione.,リダクションの結果得られる単一の値。,감소로 인해 발생하는 단일 값입니다.,O valor único que resulta da redução.,"Единственное значение, полученное в результате сокращения.",减少产生的单一值。
reduceRight.desc,"Wendet eine Funktion auf einen Akkumulator und jeden Wert des Arrays (von rechts nach links) an, um ihn auf einen einzelnen Wert zu reduzieren.","Applies a function against an accumulator and each value of the array (from right-to-left) to reduce it to a single value. The reducer function is invoked with three arguments; (accumulator, element, index, array).",Aplica una función contra un acumulador y cada valor del array (de derecha a izquierda) para reducirlo a un solo valor.,Applique une fonction à un accumulateur et à chaque valeur du tableau (de droite à gauche) pour le réduire à une valeur unique.,"Applica una funzione a un accumulatore e a ciascun valore dell'array (da destra a sinistra) per ridurlo a un singolo valore. La funzione di riduzione è invocata con quattro argomenti; (accumulatore, elemento, indice, array).",アキュムレータと配列の各値（右から左へ）に対して関数を適用し、1 つの値に減らします。リデューサ関数は、3 つの引数（アキュムレータ、要素、インデックス、配列）で呼び出されます。,누산기와 배열의 각 값(오른쪽에서 왼쪽으로)에 대해 함수를 적용하여 단일 값으로 줄입니다.,Aplica uma função a um acumulador e a cada valor do array (da direita para a esquerda) para reduzi-lo a um único valor.,"Применяет функцию к аккумулятору и каждому значению массива (справа налево), чтобы уменьшить его до одного значения.",对累加器和数组的每个值（从右到左）应用函数，以将其减少为单个值。
reduceRight.argNote1,"Eine Funktion, die für jedes Element im Array ausgeführt wird (mit Ausnahme des ersten, wenn kein initialValue angegeben wird).","A function to execute on each element in the array (except for the first, if no initialValue is supplied).","Una función para ejecutar en cada elemento de la matriz (excepto el primero, si no se proporciona un valor inicial).","Une fonction à exécuter sur chaque élément du tableau (sauf le premier, si aucune valeur initiale n'est fournie).",". Una funzione da eseguire su ogni elemento dell'array (tranne il primo, se non viene fornito il valore initialValue).",配列の各要素に対して実行される関数（initialValue が与えられない場合は、最初の要素を除く）。,배열의 각 요소에 대해 실행되는 함수입니다(initialValue가 제공되지 않은 경우 첫 번째 요소 제외).,"Uma função a ser executada em cada elemento do array (exceto o primeiro, se nenhum valor inicial for fornecido).","Функция, выполняемая для каждого элемента массива (кроме первого, если не указано начальное значение).",对数组中的每个元素执行的函数（如果没有提供初始值，则第一个元素除外）。
reduceRight.return,"Der einzelne Wert, der sich aus der Reduzierung ergibt.",The single value that results from the reduction.,El valor único que resulta de la reducción.,La valeur unique qui résulte de la réduction.,Il singolo valore che risulta dalla riduzione.,リダクションの結果得られる単一の値。,감소로 인해 발생하는 단일 값입니다.,O valor único que resulta da redução.,"Единственное значение, полученное в результате сокращения.",减少产生的单一值。
reverse.desc,Kehrt ein Array um.,"Reverses an array in place. The first array element becomes the last, and the last array element becomes the first.",Invierte una matriz en su lugar.,Inverse un tableau en place.,"Inverte un array sul posto. Il primo elemento diventa l'ultimo, e l'ultimo diventa il primo.",配列をその場で反転させる。最初の配列要素が最後の配列要素となり、最後の配列要素が最初の配列要素となる。,배열을 제자리에서 뒤집습니다.,Inverte uma matriz no lugar.,Переворачивает массив на месте.,就地反转数组。
reverse.return,Das umgekehrte Array.,The reversed array.,La matriz invertida.,Le tableau inversé.,La matrice invertita.,逆の配列。,역방향 배열입니다.,A matriz invertida.,Перевёрнутый массив.,颠倒的数组。
shift.desc,Entfernt das erste Element aus einem Array und gibt das entfernte Element zurück.,Removes the first element from an array and returns that removed element. This method modifies the array.,Elimina el primer elemento de una matriz y devuelve ese elemento eliminado.,Supprime le premier élément d'un tableau et renvoie cet élément supprimé.,Rimuove il primo elemento da un array e ritorna l'elemento rimosso. Questo metodo modifica l'array.,配列から最初の要素を削除し、その削除した要素を返します。このメソッドは配列を変更します。,배열에서 첫 번째 요소를 제거하고 제거된 요소를 반환합니다.,Remove o primeiro elemento de uma matriz e retorna o elemento removido.,Удаляет первый элемент из массива и возвращает этот удаленный элемент.,从数组中删除第一个元素并返回该删除的元素。
shift.return,Das aus dem Array entfernte Element; ,The removed element from the array; "" if the array is empty.,El elemento eliminado de la matriz; ,L'élément supprimé du tableau,L'elemento rimosso dall'array; "" se l'array è vuoto.,配列が空の場合は""。,배열에서 제거된 요소입니다. ,O elemento removido da matriz; ,Удаленный элемент из массива; ,从数组中删除的元素； 
generic.noArguments,Akzeptiert keine Argumente.,Does not accept any arguments.,No acepta ningún argumento.,N'accepte aucun argument.,Non accetta alcuno argomento.,いかなる反論も受け付けない。,어떤 인수도 허용하지 않습니다.,Não aceita nenhum argumento.,Не принимает никаких аргументов.,不接受任何论据。
generic.modifiesCaller,Diese Methode ändert das aufrufende Array,This method modifies the calling array,Este método modifica la matriz de llamada.,Cette méthode modifie le tableau appelant,Questo metodo modifica l'array chiamato,このメソッドは、呼び出し配列,이 메서드는 호출 배열을 수정합니다.,Este método modifica o array de chamada,Этот метод изменяет вызывающий массив,该方法修改调用数组
generic.javascript,Javascript,Javascript,JavaScript,Javascript,Javascript,ジャバスクリプト,자바스크립트,JavaScript,Javascript,JavaScript
generic.autohotkey,AutoHotkey,AutoHotkey,AutoHotkey,Raccourci automatique,AutoHotKey,オートホットキー,오토핫키,AutoHotkey,AutoHotkey,自动热键
generic.types.number,nummer,number,número,nombre,numero,番号,숫자,número,число,数字
generic.types.fn,funktion,function,función,fonction,funzione,機能,기능,função,функция,功能
generic.types.string,zeichenfolge,string,cadena,chaîne,stringa,ストリング,끈,corda,строка,细绳
generic.types.object,objekt,object,objeto,objet,oggetto,オブジェクト,물체,objeto,объект,目的
generic.types.value,wert,value,valor,valeur,valore,価値,값,valor,значение,价值
generic.required,Erforderlich,Required,Requerido,Requis,Richiesto,必須,필수의,Obrigatório,Необходимый,必需的
generic.optional,Optional,Optional,Opcional,Facultatif,Opzionale,オプション,선택 과목,Opcional,Необязательный,选修的
generic.default,Standard,Default,Por defecto,Défaut,Predefinito,デフォルト,기본,Padrão,По умолчанию,默认
filter.desc,"Erstellt ein neues Array mit allen Elementen, die den von der bereitgestellten Funktion implementierten Test bestehen.","Creates a new array with all elements that pass the test implemented by the provided function. The function is invoked with three arguments; (element, index, array).",Crea una nueva matriz con todos los elementos que pasan la prueba implementada por la función proporcionada.,Crée un nouveau tableau avec tous les éléments qui réussissent le test implémenté par la fonction fournie.,"Crea un nuovo array con tutti gli elementi che superano il test implementato dalla funzione fornita. La funzione è invocata con tre argomenti; (elemento, indice, array).",指定された関数で実装されたテストに合格したすべての要素を持つ新しい配列を作成します。この関数は、3つの引数（要素、インデックス、配列）で呼び出されます。,제공된 함수로 구현된 테스트를 통과한 모든 요소로 새 배열을 만듭니다.,Cria um novo array com todos os elementos que passam no teste implementado pela função fornecida.,"Создает новый массив со всеми элементами, прошедшими проверку, реализованную предоставленной функцией.",创建一个新数组，其中包含通过所提供函数实现的测试的所有元素。
filter.argNote1,"Funktion ist ein Prädikat, um jedes Element des Arrays zu testen.","Function is a predicate, to test each element of the array. Return `true` to keep the element, `false` otherwise.",La función es un predicado para probar cada elemento de la matriz.,"Function est un prédicat, pour tester chaque élément du tableau.","La funzione è un predicato, per testare ogni elemento dell'array. Ritorna "true" per mantenere l'elemento, altrimenti "false".",関数は述語で、配列の各要素をテストします。その要素を保持する場合は `true` を、保持しない場合は `false` を返します。,함수는 배열의 각 요소를 테스트하는 조건자입니다.,Função é um predicado para testar cada elemento do array.,Функция является предикатом для проверки каждого элемента массива.,函数是一个谓词，用于测试数组的每个元素。
filter.return,"Ein neues Array mit den Elementen, die den Test bestehen. ","A new array with the elements that pass the test. If no elements pass the test, an empty array will be returned.",Un nuevo array con los elementos que pasan la prueba. ,Un nouveau tableau avec les éléments qui réussissent le test. ,"Un nuovo array con gli elementi che superano il test. Se nessun elemento supera il test, ritorna un array vuoto.",テストに合格した要素を含む新しい配列。テストにパスした要素がない場合は、空の配列が返されます。,테스트를 통과한 요소가 포함된 새 배열입니다. ,Um novo array com os elementos que passam no teste. ,"Новый массив с элементами, прошедшими проверку. ",包含通过测试的元素的新数组。
slice.argsNote1,"(Standard `1`) Der Index, bei dem mit der Extraktion begonnen werden soll.",(Default `1`) The index at which to start extraction.,(Predeterminado `1`) El índice en el que comenzar la extracción.,(Par défaut `1`) L'index auquel démarrer l'extraction.,(Predefinito `1`) L'indice con cui iniziare l'estrazione.,(デ フ ォル ト `1` ） 抽出を開始する イ ンデ ッ ク ス。,(기본값 `1`) 추출을 시작할 인덱스입니다.,(Padrão `1`) O índice no qual iniciar a extração.,"(По умолчанию `1`) Индекс, с которого начинается извлечение.",（默认为“1”）开始提取的索引。
slice.argsNote2,"(Standard `array.Count()`) Der Index, bei dem die Extraktion beendet werden soll.","(Default `array.Count()`) The index at which to end extraction. slice extracts up to but not including end. If end is omitted, slice extracts through the end of the sequence. A negative index can be used, indicating an offset from the end of the sequence.",(Predeterminado `array.Count()`) El índice en el que finalizar la extracción.,(Par défaut `array.Count()`) L'index auquel terminer l'extraction.,"(Default `array.Count()`) L'indice al quale terminare l'estrazione. slice estrae fino a, ma senza includere end. Se end è omesso, slice estrae fino alla fine della sequenza. Un indice negativo può essere usato, indicante la differenza dalla fine della sequenza.",(デフォルト `array.Count()`) 抽出を終了するインデックス。end が省略された場合、slice はシーケンスの最後まで抽出します。シーケンスの末尾からのオフセットを示す負のインデックスを使用することもできます。,(기본값 `array.Count()`) 추출을 종료할 인덱스입니다.,(Padrão `array.Count()`) O índice no qual finalizar a extração.,"(По умолчанию `array.Count()`) Индекс, по которому следует завершить извлечение.",（默认 `array.Count()`）结束提取的索引。
slice.desc,"Gibt eine flache Kopie eines Teils eines Arrays in ein neues Array-Objekt zurück, das vom Anfang bis zum Ende ausgewählt wird (Ende nicht eingeschlossen), wobei Start und Ende den Index der Elemente in diesem Array darstellen.",Returns a shallow copy of a portion of an array into a new array object selected from start to end (end not included) where start and end represent the index of items in that array. The original array is not be modified.,"Devuelve una copia superficial de una parte de una matriz en un nuevo objeto de matriz seleccionado de principio a fin (no incluido el final), donde el inicio y el final representan el índice de los elementos de esa matriz.","Renvoie une copie superficielle d'une partie d'un tableau dans un nouvel objet tableau sélectionné du début à la fin (fin non incluse), où le début et la fin représentent l'index des éléments de ce tableau.",Ritorna una copia di una porzione di un array in un nuovo oggetto array selezionato dall'inizio alla fine (fine non inclusa) dove inizio e fine rappresentano l'indice degli elementi in quell'array. L'array originale non viene modificato.,配列の一部を新しい配列オブジェクトに浅くコピーして返します (end は含まない)。元の配列は変更されません。,배열 일부의 얕은 복사본을 처음부터 끝까지(끝은 포함되지 않음) 선택된 새 배열 객체로 반환합니다. 여기서 시작과 끝은 해당 배열에 있는 항목의 인덱스를 나타냅니다.,"Retorna uma cópia superficial de uma parte de uma matriz em um novo objeto de matriz selecionado do início ao fim (fim não incluído), onde início e fim representam o índice de itens nessa matriz.","Возвращает неглубокую копию части массива в новый объект массива, выбранный от начала до конца (конец не включен), где начало и конец представляют индекс элементов в этом массиве.",将数组的一部分的浅拷贝返回到从开始到结束（不包括结束）选择的新数组对象中，其中开始和结束表示该数组中项目的索引。
slice.return,"Ein neues Array, das die extrahierten Elemente enthält.",A new array containing the extracted elements.,Una nueva matriz que contiene los elementos extraídos.,Un nouveau tableau contenant les éléments extraits.,Un nuovo array contenente gli elementi estratti.,抽出された要素を含む新しい配列。,추출된 요소를 포함하는 새 배열입니다.,Uma nova matriz contendo os elementos extraídos.,"Новый массив, содержащий извлеченные элементы.",包含提取元素的新数组。
some.desc,"Testet, ob mindestens ein Element im Array den von der bereitgestellten Funktion implementierten Test besteht.","Tests whether at least one element in the array passes the test implemented by the provided function. It returns a Boolean value. The function is invoked with three arguments; (element, index, array).",Prueba si al menos un elemento de la matriz pasa la prueba implementada por la función proporcionada.,Teste si au moins un élément du tableau réussit le test implémenté par la fonction fournie.,"Verifica se almeno un elemento nell'array supera il test implementato dalla funzione fornita. Ritorna un valore Booleano. La funzione è invocata con tre argomenti; (elemento, indice, array).",配列の少なくとも1つの要素が、指定された関数によって実装されたテストに合格するかどうかをテストします。この関数はブール値を返します。この関数は、3つの引数（要素、インデックス、配列）で呼び出されます。,배열에 있는 하나 이상의 요소가 제공된 함수에 의해 구현된 테스트를 통과하는지 테스트합니다.,Testa se pelo menos um elemento da matriz passa no teste implementado pela função fornecida.,"Проверяет, проходит ли хотя бы один элемент массива тест, реализованный предоставленной функцией.",测试数组中至少一个元素是否通过所提供函数实现的测试。
some.argNote1,"Eine Funktion, die für jedes Element im Array ausgeführt werden soll.","A function to execute for each element in the array. It should return a truthy value to indicate the element passes the test, and a falsy value otherwise.",Una función a ejecutar para cada elemento de la matriz.,Une fonction à exécuter pour chaque élément du tableau.,"Una funzione da eseguire per ogni elemento dell'array. Dovrebbe ritornare un valore vero per indicare che l'elemento passa il test, altrimenti falso.",配列の各要素に対して実行する関数。ー配列のー各要素に対してー関数はーこのー関数はー関数はー関数はー関数はー関数のー関数のー関数,배열의 각 요소에 대해 실행할 함수입니다.,Uma função a ser executada para cada elemento da matriz.,"Функция, выполняемая для каждого элемента массива.",对数组中的每个元素执行的函数。
some.return,"`true`, wenn die Rückruffunktion einen wahren Wert für mindestens ein Element im Array zurückgibt. ","`true` if the callback function returns a truthy value for at least one element in the array. Otherwise, `false`.",`verdadero` si la función de devolución de llamada devuelve un valor verdadero para al menos un elemento de la matriz. ,`true` si la fonction de rappel renvoie une valeur véridique pour au moins un élément du tableau.,"true" se la funzione di callback ritorna un valore vero per almeno un elemento nell'array. Altrimenti ritorna "false".,コールバック関数が配列の少なくとも1つの要素に対して真理を返す場合は `true` となる。そうでない場合は `false` となる。,콜백 함수가 배열의 최소 하나의 요소에 대해 실제 값을 반환하는 경우 'true'입니다. ,`true` se a função de retorno de chamada retornar um valor verdadeiro para pelo menos um elemento na matriz. ,"`true`, если функция обратного вызова возвращает истинное значение хотя бы для одного элемента массива. ",如果回调函数为数组中至少一个元素返回真值，则为“true”。
sort.desc,Sortiert die Elemente eines Arrays an Ort und Stelle und gibt das sortierte Array zurück.,"Sorts the elements of an array in place and returns the sorted array. The default sort order is ascending. The function is invoked with two arguments; (firstElement, secondElement).",Ordena los elementos de una matriz en su lugar y devuelve la matriz ordenada.,Trie les éléments d'un tableau sur place et renvoie le tableau trié.,"Ordina gli elementi di un array sul posto e ritorna l'array riordinato. Il riordino predefinito è ascendente. La funzione è invocata con due argomenti; (firstElement, secondElement).","配列の要素をその場でソートし、ソート後の配列を返します。デフォルトのソート順は昇順です。この関数は、(firstElement, secondElement) の2つの引数で呼び出されます。",배열의 요소를 제자리에 정렬하고 정렬된 배열을 반환합니다.,Classifica os elementos de um array no local e retorna o array classificado.,Сортирует элементы массива по месту и возвращает отсортированный массив.,对数组的元素进行就地排序并返回排序后的数组。
sort.argNote1,"Gibt eine Funktion an, die die Sortierreihenfolge definiert.","Specifies a function that defines the sort order. If omitted, the array elements are sorted according to their alphanum value. If `compareFunction` is supplied, array elements are sorted according to the return value",Especifica una función que define el orden de clasificación.,Spécifie une fonction qui définit l'ordre de tri.,"Specifica una funzione che definisce l'ordinamento. Se omesso, gli elementi dell'array sono riordinati alfanumericamente. Se "compareFunction" è fornita, gli elementi sono riordinati a seconda del valore di ritorno.",ソート順を定義する関数を指定する。省略された場合、配列の要素は英数字の値に従ってソートされる。度配列の度配列の度配列度配列度配列度配列度配列度配列度配列度配列度配列度配列度配列度配列度配列度配列度配列度,정렬 순서를 정의하는 함수를 지정합니다.,Especifica uma função que define a ordem de classificação.,"Задает функцию, определяющую порядок сортировки.",指定定义排序顺序的函数。
sort.return,Das sortierte Array.,"The sorted array. Note that the array is sorted in place, and no copy is made.",La matriz ordenada.,Le tableau trié. ,"L'array riordinato. Nota che l'array è riordinato sul posto, e non viene creata alcuna copia.",ソートされた配列。配列はその場でソートされ、コピーは行われないことに注意。,정렬된 배열입니다.,A matriz classificada.,Сортированный массив.,已排序的数组。
sort.sorting.note1,Sortieren Sie `b` vor `a`,sort `b` before `a`,ordenar `b` antes de `a`,trier `b` avant `a`,ordina "b" prima di "a",b` を `a` の前に並べ替える,`a` 앞에 `b` 정렬,classifique `b` antes de `a`,сортировать `b` перед `a`,将“b”排序在“a”之前
sort.sorting.note2,Sortieren Sie `a` vor `b`,sort `a` before `b`,ordenar `a` antes de `b`,trier `a` avant `b`,ordina "a" prima di "b",`a`を`b`の`前に`の`前に`る,`b` 앞에 `a`를 정렬하세요.,classifique `a` antes de `b`,сортировать `a` перед `b`,将“a”排序在“b”之前
sort.sorting.note3,Behalten Sie die ursprüngliche Reihenfolge von `a` und `b` bei,keep original order of `a` and `b`,mantener el orden original de `a` y `b`,conserver l'ordre original de `a` et `b`,mantiene l'ordine originale di "a" e "b",a` と `b` の元の順序を維持する,`a`와 `b`의 원래 순서를 유지합니다.,mantenha a ordem original de `a` e `b`,сохранить первоначальный порядок `a` и `b`,保持“a”和“b”的原始顺序
splice.desc,"Ändert den Inhalt eines Arrays, indem vorhandene Elemente entfernt oder ersetzt und/oder neue Elemente hinzugefügt werden.",Changes the contents of an array by removing or replacing existing elements and/or adding new elements in place.,Cambia el contenido de una matriz eliminando o reemplazando elementos existentes y/o agregando nuevos elementos en su lugar.,Modifie le contenu d'un tableau en supprimant ou en remplaçant des éléments existants et/ou en ajoutant de nouveaux éléments en place.,Modifica il contenuto di un array rimuovendo o sostituendo gli elementi esistenti e/o aggiungendo nuovi elementi sul posto.,既存の要素を削除または置換したり、新しい要素を追加したりして、配列の内容を変更する。,기존 요소를 제거 또는 교체하거나 새 요소를 제자리에 추가하여 배열의 내용을 변경합니다.,Altera o conteúdo de um array removendo ou substituindo elementos existentes e/ou adicionando novos elementos no lugar.,"Изменяет содержимое массива, удаляя или заменяя существующие элементы и/или добавляя на место новые элементы.",通过删除或替换现有元素和/或添加新元素来更改数组的内容。
splice.argNote1,"Der Index, ab dem mit der Änderung des Arrays begonnen werden soll.","The index at which to start changing the array. If greater than the length of the array, start will be set to the length of the array. In this case, no element will be deleted but the method will behave as an adding function, adding as many element as provided. If negative, it will begin that many elements from the end of the array.",El índice en el que comenzar a cambiar la matriz.,L'index à partir duquel commencer à modifier le tableau.,"L'indice con cui iniziare a modificare l'array. Se maggiore della lunghezza dell'array, start viene impostato alla lunghezza dell'array. In questo caso nessun elemento viene eliminato ma il metodo si comporta come funzione additiva, aggiungendo tutti gli elementi forniti. Se negativo, inizia dalla fine dell'array.",配列の変更を開始するインデックス。配列の長さより大きい場合は、start は配列の長さに設定されます。この場合、要素が削除されることはありませんが、 このメソッドは追加関数として動作し、指定した数だけ要素を追加します。負数の場合は、配列の末尾からその数だけ要素を追加します。,배열 변경을 시작할 인덱스입니다.,O índice no qual começar a alterar a matriz.,"Индекс, с которого следует начать изменение массива.",开始更改数组的索引。
splice.argNote2,"Eine Ganzzahl, die die Anzahl der zu entfernenden Elemente im Array angibt.",An integer indicating the number of elements in the array to remove.,Un número entero que indica el número de elementos de la matriz que se van a eliminar.,Entier indiquant le nombre d’éléments du tableau à supprimer.,(Predefinito "-1") Un numero intero che indica il numero di elementi da rimuovere dall'array.,削除する配列の要素数を示す整数。,제거할 배열의 요소 수를 나타내는 정수입니다.,Um número inteiro que indica o número de elementos da matriz a serem removidos.,"Целое число, указывающее количество элементов массива, которые необходимо удалить.",一个整数，指示数组中要删除的元素数。
splice.argNote3,"Die Werte, die dem Array hinzugefügt werden sollen.","The values to add to the array. If you do not specify any elements, it will only remove from the array.",Los valores para agregar a la matriz.,Les valeurs à ajouter au tableau.,"(Predefinito "") I valori da aggiungere all'array. Se non vengono specificati elementi, rimuove dall'array.",配列に追加する値。要素を指定しなかった場合は、配列から取り除くだけとなります。,배열에 추가할 값입니다.,Os valores a serem adicionados à matriz.,"Значения, добавляемые в массив.",要添加到数组的值。
splice.return,"Ein Array, das die gelöschten Elemente enthält. ","An array containing the deleted elements. If no elements are removed, an empty array is returned.",Una matriz que contiene los elementos eliminados. ,Un tableau contenant les éléments supprimés. ,"Un array contenente gli elementi eliminati. Se nessun elemento viene eliminato, ritorna un array vuoto.",削除された要素を含む配列。要素が削除されなかった場合は、空の配列が返されます。,삭제된 요소가 포함된 배열입니다. ,Uma matriz contendo os elementos excluídos. ,"Массив, содержащий удаленные элементы. ",包含已删除元素的数组。
toString.desc,"Gibt eine Zeichenfolge zurück, die das angegebene Array und seine Elemente darstellt.",Returns a string representing the specified array and its elements.,Devuelve una cadena que representa la matriz especificada y sus elementos.,Renvoie une chaîne représentant le tableau spécifié et ses éléments.,Ritorna una stringa che rappresenta l'array specificato e i suoi elementi.,,지정된 배열과 해당 요소를 나타내는 문자열을 반환합니다.,Retorna uma string que representa o array especificado e seus elementos.,"Возвращает строку, представляющую указанный массив и его элементы.",返回表示指定数组及其元素的字符串。
toString.return,"Eine Zeichenfolge, die alle Elemente des Arrays darstellt.",A string representing all elements of the array.,Una cadena que representa todos los elementos de la matriz.,Une chaîne représentant tous les éléments du tableau.,Una stringa che rappresenta tutti gli elementi dell'array.,,배열의 모든 요소를 ​​나타내는 문자열입니다.,Uma string que representa todos os elementos da matriz.,"Строка, представляющая все элементы массива.",表示数组所有元素的字符串。
unshift.desc,Fügt ein oder mehrere Elemente am Anfang eines Arrays hinzu und gibt die neue Länge des Arrays zurück.,Adds one or more elements to the beginning of an array and returns the new length of the array.,Agrega uno o más elementos al comienzo de una matriz y devuelve la nueva longitud de la matriz.,Ajoute un ou plusieurs éléments au début d'un tableau et renvoie la nouvelle longueur du tableau.,Aggiunge uno o più elementi all'inizio di un array e ritorna la nuova lunghezza dell'array.,配列の先頭に 1 つ以上の要素を追加し、配列の新しい長さを返します。,배열의 시작 부분에 하나 이상의 요소를 추가하고 배열의 새 길이를 반환합니다.,Adiciona um ou mais elementos ao início de uma matriz e retorna o novo comprimento da matriz.,Добавляет один или несколько элементов в начало массива и возвращает новую длину массива.,将一个或多个元素添加到数组的开头并返回数组的新长度。
unshift.argNote1,"Die Elemente, die am Anfang des Arrays hinzugefügt werden sollen.",The elements to add to the front of the array.,Los elementos que se agregarán al frente de la matriz.,Les éléments à ajouter au début du tableau.,Gli elementi da aggiungere all'inizio dell'array.,配列の先頭に追加する要素。,배열 앞에 추가할 요소입니다.,Os elementos a serem adicionados à frente da matriz.,"Элементы, добавляемые в начало массива.",要添加到数组前面的元素。
unshift.return,"Die neue array.Count()-Länge des Arrays, für das die Methode aufgerufen wurde.",The new array.Count() length of the array upon which the method was called.,La nueva longitud array.Count() de la matriz sobre la que se llamó el método.,La nouvelle longueur array.Count() du tableau sur lequel la méthode a été appelée.,La nuova lunghezza array.Count() dell'array su cui è stato chiamato il metodo.,メソッドが呼び出された配列の新しい array.Count() の長さ。,메서드가 호출된 배열의 새 array.Count() 길이입니다.,O novo comprimento array.Count() do array no qual o método foi chamado.,"Новая длина array.Count() массива, для которого был вызван метод.",调用该方法的数组的新 array.Count() 长度。
values.desc,"Gibt ein neues Array zurück, das die Werte für jedes Element im aufrufenden Array enthält.",Returns a new array that contains the values for each element in the calling array.,Devuelve una nueva matriz que contiene los valores de cada elemento de la matriz que llama.,Renvoie un nouveau tableau contenant les valeurs de chaque élément du tableau appelant.,Ritorna un nuovo array contenente i valori per ogni elemento nell'array chiamato.,配列の各要素の値を含む新しい配列を返します。,호출 배열의 각 요소에 대한 값을 포함하는 새 배열을 반환합니다.,Retorna uma nova matriz que contém os valores de cada elemento na matriz de chamada.,"Возвращает новый массив, содержащий значения для каждого элемента вызывающего массива.",返回一个新数组，其中包含调用数组中每个元素的值。
values.return,"Ein neues Array, das alle Werte im aufrufenden Array enthält.",A new array containing all values in the calling array.,Una nueva matriz que contiene todos los valores de la matriz de llamada.,Un nouveau tableau contenant toutes les valeurs du tableau appelant.,Un nuovo array contenente tutti i valori nell'array chiamato.,呼び出し配列のすべての値を含む新しい配列。,호출 배열의 모든 값을 포함하는 새 배열입니다.,Uma nova matriz contendo todos os valores na matriz de chamada.,"Новый массив, содержащий все значения вызывающего массива.",包含调用数组中所有值的新数组。